{
  "view/App.view.xml": 1746597005229,
  "manifest.json": 1746597357598,
  "controller/View1.controller.js": 1746597005229,
  "controller/App.controller.js": 1746597005229,
  "model/models.js": 1746597005229,
  "Component.js": 1746597005229,
  "model/models-dbg.js": 1746597005229,
  "model/models.js.map": 1746597357748,
  "controller/App-dbg.controller.js": 1746597005229,
  "controller/App.controller.js.map": 1746597357746,
  "controller/View1-dbg.controller.js": 1746597005229,
  "controller/View1.controller.js.map": 1746597357755,
  "Component-dbg.js": 1746597005229,
  "Component.js.map": 1746597357748,
  "Component-preload.js": 1746597357827,
  "Component-preload.js.map": 1746597357827,
  "view/View1.view.xml": 1746597005229,
  "i18n/i18n.properties": 1746597005229,
  "images/pp.png": 1746597005229,
  "images/PhoenixPaper.png": 1746597005229,
  "images/APP OVERVIEW.png": 1746597005229,
  "css/style.css": 1746597005229,
  "index.html": 1746597005229
}